Subset.Size,Overall.AUROC
20,0.665327380952381
23,0.6623471685971686
25,0.6609555984555985
All,0.6553209459459459
