Subset.Size,Overall.AUROC
20,0.6549779371207943
30,0.6541781577495863
All,0.6536495679352823
40,0.6498804927376356
70,0.6489979775694061
