Subset.Size,Overall.AUROC
25,0.6757239382239383
20,0.674469111969112
18,0.6738738738738739
All,0.6628619691119692
