Subset.Size,Overall.AUROC
All,0.6649882024882026
20,0.6768178893178893
30,0.6753324753324753
